ORDEM;ID;BASE;TITULO;AUTORES;ANO;IDIOMA;OBJETIVOS;METODOS;RESULTADOS;CONCLUSOES
1;src_QWWQLBBswbYkXpHpAEftq;Google Scholar;Identificação de plantas daninhas em campos de arroz usando sensoriamento remoto UAV;Yu, F.H., Feng, S., Xu, T.Y., Wang, N.Y.;2022;Inglês;Fornecer um método mais eficiente e ambientalmente amigável de controle de plantas daninhas no cultivo de arroz.;Utilização de sensoriamento remoto UAV para identificação de plantas daninhas em campos de arroz.;Os resultados mostraram que o uso de sensoriamento remoto UAV é uma ferramenta eficaz para identificação de plantas daninhas em campos de arroz.;O uso de sensoriamento remoto UAV pode ser uma alternativa viável e eficiente para o controle de plantas daninhas em campos de arroz.
2;src_yAmguePjImpNy9GXQ4ATV;Google Scholar;Identification and Comprehensive Evaluation of Resistant Weeds Using Unmanned Aerial Vehicle-Based Multispectral Imagery;INDISPONÍVEL;0;INDISPONÍVEL;Fornecer informações sobre o uso de tecnologia avançada para o manejo de ervas daninhas resistentes;Uso de imagens multiespectrais de veículos aéreos não tripulados para identificar e avaliar a resistência de ervas daninhas;Os resultados mostraram que a tecnologia de imagens multiespectrais de veículos aéreos não tripulados pode ser usada para identificar e avaliar a resistência de ervas daninhas com alta precisão;O uso de tecnologia avançada, como imagens multiespectrais de veículos aéreos não tripulados, pode ser uma ferramenta eficaz para o manejo de ervas daninhas resistentes
3;src_PybUzBDGrioqefX5AFQvS;Google Scholar;Reconhecimento de ervas daninhas com processamento de imagens e uso de lógica fuzzy para agricultura de precisão;INDISPONÍVEL;1999;Francês;Desenvolver um sistema de aquisição/gestão de imagens para detecção de ervas daninhas e um sistema de lógica fuzzy para tomada de decisões sobre a localização e quantidade de herbicida a ser aplicado em um campo agrícola.;Foram coletadas imagens digitais em três campos de milho da Universidade McGill, no Canadá, e utilizadas técnicas de processamento de imagens para identificar as áreas verdes correspondentes às ervas daninhas.;Foi desenvolvido um controlador de lógica fuzzy para controlar a aplicação de herbicidas em um bico de pulverização. O sistema foi capaz de classificar as áreas verdes nas imagens como ervas daninhas ou não ervas daninhas com uma precisão de 90%.;O sistema desenvolvido mostrou ser uma alternativa viável para a detecção de ervas daninhas e aplicação de herbicidas em campos agrícolas, permitindo uma aplicação mais precisa e econômica de herbicidas.
4;src_2l1Bo3AgfKMbdxnDwD7Vo;Nature;Reducing Chemical Usage for Weed Control in Agriculture Using UAS Imagery Analysis and Computer Vision Techniques;INDISPONÍVEL;2023;INDISPONÍVEL;Fornecer uma abordagem mais eficiente e ambientalmente amigável para o manejo de ervas daninhas em sistemas de produção agrícola comercial.;Fusão de dados de sistemas aéreos não tripulados (UAS) com uma plataforma de pulverização para minimizar o uso de produtos químicos na aplicação de controle de ervas daninhas na produção de milho.;A abordagem de controle de ervas daninhas específica do local (SSWC) tem o potencial de reduzir os gastos financeiros em produtos químicos para aplicar uma aplicação em branco de herbicida na produção de milho.;A abordagem SSWC proposta neste estudo pode ser uma alternativa viável e eficaz para reduzir o uso de produtos químicos na produção agrícola comercial.
5;src_U0fiLbPa78CnT1BMa1311;Google Scholar;Sensor-based assessment of herbicide effects;UJAR D, ANDREASEN C, BERGE TW, CHACHALIS D, DITTMANN T, GERHARDS R, GISELSSON TM, HAMOUZ P, JAEGER-HANSEN C, JENSEN K, JØRGENSEN RN, KELLER M, LAURSEN M, MIDTIBY HS, NIELSEN J, MULLER S, NORDMEYER H, PETEINATOS G, PAPADOPOULOS A, SVENSGAARD J, WEIS M, CHR;2014;INDISPONÍVEL;Avaliar os efeitos de herbicidas em plantas de forma não destrutiva;Realização de experimentos de campo com cevada e colza, utilizando diferentes sistemas de sensores para análise da coloração verde das plantas;Foi possível quantificar diferentes sintomas de herbicidas com diferentes sistemas de sensores, o que pode ser útil para o manejo integrado de plantas daninhas;A avaliação não destrutiva de efeitos de herbicidas pode ser uma ferramenta importante para o manejo integrado de plantas daninhas
6;src_LUHbvMCahirxEHBmT866K;SciElo.br;75 years of synthetic herbicide use in agriculture: Will there be 100;INDISPONÍVEL;0;Inglês;Celebrar 75 anos de uso de herbicidas sintéticos na agricultura e explorar a história do uso de herbicidas e manejo de plantas daninhas no Sudeste Asiático.;INDISPONÍVEL;INDISPONÍVEL;INDISPONÍVEL
7;src_FXdszLg87E2M7SwIHv7ly;Google Scholar;Using Deep Convolutional Neural Networks for Weeds and Crops Discrimination from UAS Imagery;"Hashemi-Beni, Leila; Gholami, Ali; Khot, Lav R.; Slaughter, David C.; Doan, Francheska;";2022;Indisponível;Demonstrar a importância do controle de ervas daninhas na agricultura e como essa tecnologia pode ajudar a melhorar o rendimento e a qualidade das culturas.;Utilização de redes neurais convolucionais profundas para discriminação de ervas daninhas e culturas a partir de imagens de UAS.;Os resultados mostraram que a tecnologia é capaz de discriminar com precisão as ervas daninhas e as culturas, o que pode ajudar a melhorar a eficiência do controle de ervas daninhas na agricultura.;A tecnologia de redes neurais convolucionais profundas pode ser uma ferramenta valiosa para o controle de ervas daninhas na agricultura, ajudando a melhorar o rendimento e a qualidade das culturas.
8;src_pdWDjvEHqWgNIG77X65SS;Springer Link;Uso de processamento de imagem digital na análise de lesões pulmonares causadas por herbicidas agrícolas;Claudio Pedrassoli Junior, Gabriela Vidotto Cavallieri, Francisco Assis da Silva, Geovana Letícia Fernandes, Gisele Alborghetti Nai, Ana Karina Marques Salge, Josiano Guilherme Puhle, Debora Tavares de Resende e Silva, Danillo Roberto Pereira, Fabíola de ;2021;Português;Analisar as lesões alveolares causadas pela exposição crônica a herbicidas agrícolas e destacar a utilidade do processamento de imagem digital nessa análise.;Experimento com exposição crônica a herbicidas agrícolas, produção de lâminas histopatológicas, processamento de imagem digital e análise dos resultados.;O estudo identificou lesões alveolares significativas em ratos expostos cronicamente a herbicidas agrícolas e demonstrou a eficácia do processamento de imagem digital na identificação dessas lesões.;O uso de processamento de imagem digital pode ser uma ferramenta valiosa na análise de lesões pulmonares causadas por exposição crônica a herbicidas agrícolas, permitindo uma identificação mais precisa e eficiente das lesões alveolares.
9;src_bBhXgoZTTLWCoorBTQetw;SemanticScholar;Identification of Weeds Using Hyperspectral Imaging and Machine Learning;Gao, Y., Zhang, Y., Li, Y., & Zhang, X.;2021;Inglês;Desenvolver um método para identificação de plantas daninhas usando imagens hiperespectrais e aprendizado de máquina.;Foram coletadas imagens hiperespectrais de plantas daninhas e plantas não daninhas em diferentes estágios de crescimento. Em seguida, foram utilizados algoritmos de aprendizado de máquina para classificar as imagens e identificar as plantas daninhas.;O método proposto obteve uma taxa de acerto de mais de 90% na identificação de plantas daninhas em diferentes estágios de crescimento.;A utilização de imagens hiperespectrais e aprendizado de máquina pode ser uma alternativa eficiente e sustentável para o controle de plantas daninhas.
10;src_6iWVTIvmLwAFVbdXilmnp;MDPI;Plant and Weed Identifier Robot as an Agroecological Tool;INDISPONÍVEL;2021;Inglês;Discutir o uso de Redes Neurais Artificiais para Identificação de Imagens na agricultura;Dividir o conjunto de dados em treinamento e avaliação, utilizar a API de detecção de objetos do TensorFlow, dividir o processo em cinco etapas, utilizar a ferramenta LabelImg para anotação de imagens, salvar as anotações no formato XML do PASCAL Visual Object Classes (VOC);INDISPONÍVEL;O uso de Redes Neurais Artificiais para Identificação de Imagens pode trazer grandes benefícios para sistemas agrícolas e desenvolvimento sustentável.
11;src_ccY2ERKfsdkyaC5NwHHoA;ScienceDirect;Um método baseado em visão para identificação de ervas daninhas através da teoria da decisão bayesiana;Joaquin Gutierrez, Angela Ribeiro, Alberto Tellaecche, Xavier Paolo Burgos-Arizzu, Gonzalo Pajares;0;INDISPONÍVEL;Desenvolver uma abordagem automática baseada em visão computacional para a detecção e pulverização diferencial de ervas daninhas em culturas de milho.;Extração de atributos independentes da distribuição de ervas daninhas e culturas, bem como do tamanho e forma das células. Seleção aleatória de um subconjunto de 160 imagens para segmentação. Seleção de 10 células de cada imagem segmentada. Classificação de 19% das células como candidatas a serem pulverizadas com base na expertise de agricultores e consultores técnicos.;Desenvolvimento de um método eficaz para a detecção e pulverização diferencial de ervas daninhas em culturas de milho.;O método proposto pode ser uma solução viável para a redução do uso de herbicidas em culturas de milho, resultando em economia de custos e menor impacto ambiental.
12;src_xNKUt0w24TaH3QNTdJRQz;Google Scholar;Reconhecimento de ervas daninhas com processamento de imagens e uso de lógica fuzzy para agricultura de precisão;INDISPONÍVEL;1999;Francês;Desenvolver um sistema de aquisição/gestão de imagens para detecção de ervas daninhas e um sistema de lógica fuzzy para tomada de decisões sobre a localização e quantidade de herbicida a ser aplicado em um campo agrícola.;Foram coletadas imagens digitais em três campos de milho da Universidade McGill, no Canadá, e utilizadas técnicas de processamento de imagens para identificar as áreas verdes correspondentes às ervas daninhas.;Foi desenvolvido um controlador de lógica fuzzy para controlar a aplicação de herbicidas em um bico de pulverização. O sistema foi capaz de classificar as áreas verdes nas imagens como ervas daninhas ou não ervas daninhas com uma precisão de 90%.;O sistema desenvolvido mostrou ser uma alternativa viável para a detecção de ervas daninhas e aplicação de herbicidas em campos agrícolas, permitindo uma aplicação mais precisa e econômica de herbicidas.
13;src_ctjAcGSO4UyuWZz71tthL;ScienceDirect;Identificação de ervas daninhas em milho usando técnicas de aprendizado de máquina;Dharanidharan Arumugam, Calvin Stepan, Ravi Kiran, Thomas Peters, INDISPONÍVEL;2023;Inglês;Fornecer uma visão geral dos métodos de aprendizado de máquina usados para identificar ervas daninhas em milho;Uso de técnicas de aprendizado de máquina, como redes neurais e máquinas de vetor de suporte, para identificar ervas daninhas em milho;Redução significativa no uso de herbicidas e melhoria na produção de culturas;A interpretabilidade dos modelos de aprendizado de máquina é altamente desejada para entender os vieses embutidos na rede e também para identificar as características de entrada importantes e as condições que levaram à decisão de aprendizado de máquina.
14;src_RcohBCnvvmJoJSMew8W9R;SemanticScholar;Hyperspectral Vision-Based Machine Learning for Robust Plant Recognition in Autonomous Weed Control;Yun Zhang;2011;INDISPONÍVEL;Explorar o uso de aprendizado de máquina e tecnologia baseada em visão para melhorar o controle de ervas daninhas na agricultura.;INDISPONÍVEL;INDISPONÍVEL;INDISPONÍVEL
15;src_FS95jxlrq3rMrrrZT9yUg;NCBI;Métodos de detecção de ervas daninhas baseados em visão computacional: uma revisão;Pignatti, E., Ribeiro, A., & Junior, J. F.;2021;Inglês;Revisar os métodos de detecção de ervas daninhas baseados em visão computacional;Análise de artigos científicos e revisão bibliográfica;Apresentação dos métodos mais recentes e tecnologias utilizadas para detecção e gerenciamento de ervas daninhas na produção agrícola;Os métodos baseados em visão computacional são promissores para a detecção e gerenciamento de ervas daninhas na produção agrícola
16;src_DyHOOqzXygnSmbiOaqUVy;SemanticScholar;Desenvolvimento de um sistema de visão computacional para mapeamento de plantas daninhas em áreas de cultivo sem aração;Liu, H;2013;Inglês;Desenvolver um método de mapeamento de plantas daninhas para gerenciamento efetivo em áreas de cultivo sem aração;Desenvolvimento de um sistema de visão computacional para mapeamento de plantas daninhas em áreas de cultivo sem aração;Desenvolvimento de um método efetivo de mapeamento de plantas daninhas para gerenciamento em áreas de cultivo sem aração;O método desenvolvido pode ser utilizado para gerenciamento efetivo de plantas daninhas em áreas de cultivo sem aração
17;src_s2eqJRovUJel7dTSUEF99;ResearchGate;Automatic detection and mapping of European ground squirrel burrows on UAV-based multi- and hyperspectral imagery with classification methods;Mátyás Árvai, János Mészáros, Zsófia Kovács, Eric C. Brevik, László Pásztor, Csongor I;2020;Indisponível;Desenvolver um método de detecção automática e mapeamento de tocas de esquilo terrestre europeu em imagens multiespectrais e hiperespectrais baseadas em UAV.;Processamento de imagens aéreas por meio de software fotogramétrico e classificação por algoritmos de aprendizado de máquina implementados em um script R personalizado. Estudo do efeito da altura da grama na detecção de sucesso.;A classificação bem-sucedida pode ser realizada em imagens de faixa visível RGB e hiperespectrais. A resolução espacial apropriada (abaixo da faixa de cm) e a presença de grama alta são fatores-chave mais importantes do que o número de bandas espectrais.;O método está sendo desenvolvido especificamente para esquilos terrestres europeus, mas pode ser modificado para as características de outros mamíferos escavadores desse tamanho (por exemplo, ratos-toupeira, toupeiras).
18;src_XVl4Ac6dYpEY9svfgtyCk;PubMed;Using deep learning for detecting herbicide weed control spectrum in turfgrass;Xiaojun Jin, INDISPONÍVEL;2022;Inglês;Avaliar a eficácia do uso de redes neurais convolucionais profundas (DCNNs) para discriminar ervas daninhas em grama com base em sua suscetibilidade a herbicidas inibidores de ACCase e auxinas sintéticas.;Uso de redes neurais convolucionais profundas (DCNNs) para discriminar ervas daninhas em grama com base em sua suscetibilidade a herbicidas inibidores de ACCase e auxinas sintéticas.;INDISPONÍVEL;INDISPONÍVEL
19;src_5Er6ykZYIfiuW2aLLwqv0;PubMed;Identification and Comprehensive Evaluation of Resistant Weeds Using Unmanned Aerial Vehicle-Based Multispectral Imagery;INDISPONÍVEL;0;INDISPONÍVEL;Fornecer informações sobre o uso de tecnologia avançada para o manejo de ervas daninhas resistentes;Uso de imagens multiespectrais de veículos aéreos não tripulados para identificar e avaliar a resistência de ervas daninhas;Os resultados mostraram que a tecnologia de imagens multiespectrais de veículos aéreos não tripulados pode ser usada para identificar e avaliar a resistência de ervas daninhas com alta precisão;O uso de tecnologia avançada, como imagens multiespectrais de veículos aéreos não tripulados, pode ser uma ferramenta eficaz para o manejo de ervas daninhas resistentes
20;src_7fvknH8MSUahZRBpUfsFL;PubMed;Evaluation of Convolutional Neural Networks for Herbicide Susceptibility-Based Weed Detection in Turf;XJ, YC, JY, TL, PM;2021;Inglês;Explorar uma nova estratégia para detectar ervas daninhas em gramados treinando modelos de aprendizado profundo para identificar ervas daninhas suscetíveis a herbicidas.;Treinamento de redes neurais convolucionais para identificar ervas daninhas suscetíveis a herbicidas.;Alta precisão na detecção e distinção de certas espécies de ervas daninhas, mas também destacou os desafios na detecção de ervas daninhas com morfologia semelhante.;O método proposto é altamente adequado para integrar no subsistema de visão de máquina de pulverizadores inteligentes para o controle de ervas daninhas com precisão enquanto crescem em gramados.
21;src_l1zHupzhHUTzzWNhXISPr;PubMed;Uso de processamento de imagem digital na análise de lesões pulmonares causadas por herbicidas agrícolas;Claudio Pedrassoli Junior, Gabriela Vidotto Cavallieri, Francisco Assis da Silva, Geovana Letícia Fernandes, Gisele Alborghetti Nai, Ana Karina Marques Salge, Josiano Guilherme Puhle, Debora Tavares de Resende e Silva, Danillo Roberto Pereira, Fabíola de ;2021;Português;Analisar as lesões alveolares causadas pela exposição crônica a herbicidas agrícolas e destacar a utilidade do processamento de imagem digital nessa análise.;Experimento com exposição crônica a herbicidas agrícolas, produção de lâminas histopatológicas, processamento de imagem digital e análise dos resultados.;O estudo identificou lesões alveolares significativas em ratos expostos cronicamente a herbicidas agrícolas e demonstrou a eficácia do processamento de imagem digital na identificação dessas lesões.;O uso de processamento de imagem digital pode ser uma ferramenta valiosa na análise de lesões pulmonares causadas por exposição crônica a herbicidas agrícolas, permitindo uma identificação mais precisa e eficiente das lesões alveolares.
22;src_Vm4w4KVDiisrX5Pmexzfh;PubMed;Automatic visible-range video weed detection, segmentation, and classification prototype in potato fields;Lin, P., Contreras, M.A., Dai, R., Zhang, J.;2016;INDISPONÍVEL;To present an automatic machine vision prototype in the visible range based on video processing and network-cultural classification algorithm for accurate identification and classification of Marfona potato plant and five weed species;Video processing and meta-heuristic classifiers;The prototype was able to accurately identify and classify potato plants and weed samples;The machine vision prototype has potential for site-specific herbicide spraying application and other purposes
23;src_94529buLLm3tLq25OWV9J;PubMed;Weed Classification for Site-Specific Weed Management in Rice Fields Using an Automated Stereo Computer-Vision Machine-Learning System;Morteza Dehghani, Yadollah Abaspour-Gilandeh, Jose Luis Hernandez-Hernandez, Miguel Hernandez-Hernandez, and Juan Ignacio Arribas;2020;Inglês;Desenvolver um sistema de aprendizado de máquina de visão computacional estéreo automatizado para classificação de ervas daninhas em campos de arroz para gerenciamento de ervas daninhas específico do local.;Extração de características de cor e forma de imagens de ervas daninhas usando seis espaços de cores e índices de vegetação. Foram extraídas 127 características de cor e 29 características de forma para cada objeto. O sistema de aprendizado de máquina foi treinado com imagens rotuladas de ervas daninhas e plantas de arroz.;O sistema de aprendizado de máquina alcançou uma taxa de classificação de 96,5% para ervas daninhas e 98,3% para plantas de arroz. O sistema também foi capaz de identificar ervas daninhas em diferentes estágios de crescimento.;O sistema de aprendizado de máquina de visão computacional estéreo automatizado pode ser uma ferramenta útil para o gerenciamento de ervas daninhas específico do local em campos de arroz, permitindo a aplicação seletiva de herbicidas e reduzindo o impacto ambiental.
24;src_9v3G6SHJQkUwexQD7m9Ky;PubMed;Computer vision and crop abiotic stressors;Orka, N.A.O., M.N.U.;2023;Indisponível;Fornecer uma visão geral das técnicas de visão computacional baseadas em aprendizado profundo para avaliação de estresse abiótico em culturas.;Revisão sistemática com seleção de artigos e extração de dados utilizando formulário específico.;Apresentação de técnicas de visão computacional baseadas em aprendizado profundo para avaliação de estresse abiótico em culturas.;As técnicas de visão computacional baseadas em aprendizado profundo apresentam grande potencial para avaliação de estresse abiótico em culturas, mas ainda há desafios a serem superados para sua aplicação em larga escala.
25;src_U1MgndSpxVVPghG5yMiZQ;PubMed;Detecção de ervas daninhas em azevém perene usando redes neurais convolucionais de aprendizado profundo;JY, AS, NB, ZC, SS;0;Inglês;Demonstrar como a aplicação precisa de herbicidas pode reduzir o custo de controle de ervas daninhas em sistemas de manejo de gramados.;Treinamento de modelos de redes neurais convolucionais de aprendizado profundo para detecção de ervas daninhas em imagens de azevém perene.;Os modelos treinados apresentaram alta precisão na detecção de ervas daninhas em imagens de azevém perene.;A detecção precisa de ervas daninhas em azevém perene usando redes neurais convolucionais de aprendizado profundo pode levar a uma redução no custo de controle de ervas daninhas em sistemas de manejo de gramados.
26;src_XOUFCr99rVaESKjZefuTf;PubMed;Sistema de localização automática em tempo real de plantas vegetais para controle de ervas daninhas;W-HS, J-LL, H-YZ, YP;0;INDISPONÍVEL;Desenvolver um sistema de localização automática em tempo real de plantas vegetais para controle de ervas daninhas;Integrar técnicas de sensoriamento baseadas em sinais de cultivo para localizar tomate e pakchoi;Alta precisão na identificação de etiquetas de plantas;O sistema proposto demonstrou eficiência na localização de plantas de tomate e pakchoi em tempo real
27;src_d8xkZH90LRQ4MFbxtn9sa;PubMed;Um novo modelo para identificação de ervas daninhas em milharais usando redes neurais convolucionais;;0;Português;Desenvolver um modelo de identificação de ervas daninhas em milharais usando redes neurais convolucionais;Utilização de redes neurais convolucionais para treinar o modelo de identificação de ervas daninhas em milharais;O modelo SE-VGG16 apresentou uma precisão média de 99,67%, superando outros modelos multiscale clássicos e avançados;O modelo SE-VGG16 é uma ferramenta valiosa para a indústria agrícola que busca melhorar a qualidade e o rendimento das colheitas de milho
28;src_Y3Eazeyc6k0QuXTKZ7qHf;PubMed;Um classificador híbrido CNN-SVM para reconhecimento de ervas daninhas em campos de colza de inverno;;0;INDISPONÍVEL;Propor um classificador híbrido CNN-SVM para melhorar a precisão da classificação de sementes de colza de inverno e ervas daninhas em campos.;Utilização de uma rede neural convolucional profunda com classificador SVM para reconhecimento de ervas daninhas em campos de colza de inverno.;O classificador híbrido CNN-SVM proposto melhorou significativamente a precisão da classificação de sementes de colza de inverno e ervas daninhas em campos.;O classificador híbrido CNN-SVM proposto pode ser uma ferramenta útil para o reconhecimento de ervas daninhas em campos de colza de inverno.
29;src_MtMQ93TOYdZSNQcvQ8fJ8;PubMed;Ultrasonic System for Weed Detection in Cereal Crops;;2012;Inglês;Desenvolver um sistema ultrassônico para detecção de plantas daninhas em culturas de cereais;Utilização de um sensor de distância ultrassônico para determinar alturas de plantas e detectar infestações de plantas daninhas em campos agrícolas;Desenvolvimento de um sistema eficiente para detecção de plantas daninhas em culturas de cereais;O sistema ultrassônico pode ser uma ferramenta útil para a detecção precoce de plantas daninhas em culturas de cereais, permitindo uma aplicação mais precisa de herbicidas e reduzindo o impacto ambiental.
30;src_eOyjvLGcmVdpqSUYbVAAS;PubMed;Desenvolvimento de um modelo fuzzy para diferenciar plantas de amendoim de plantas daninhas de folhas largas usando características de imagem;;2020;Inglês;Desenvolver um modelo fuzzy para diferenciar plantas de amendoim de plantas daninhas de folhas largas usando características de imagem;Combinação de técnicas de árvore de decisão e lógica fuzzy;Alta precisão na distinção entre diferentes plantas;O modelo proposto pode ser usado como uma ferramenta eficaz para o controle de plantas daninhas em plantações de amendoim
31;src_X1CIcrtS8NLKSJH87ebIa;PubMed;Identificação de ervas daninhas de soja em campo usando um modelo UNet aprimorado e mecanismo de atenção de canal;;2022;Inglês;Desenvolver um método para identificar ervas daninhas de soja em ambientes de campo complexos;Coleta de dados de imagens de ervas daninhas em campo, pré-processamento de imagens, uso do algoritmo de recurso ultraverde (2 g-rb) para extrair informações de ervas daninhas e culturas, desenvolvimento de um modelo UNet aprimorado e mecanismo de atenção de canal para identificação de ervas daninhas;O modelo UNet aprimorado e mecanismo de atenção de canal alcançou uma precisão média de 96,7% na identificação de ervas daninhas de soja em ambientes de campo complexos;O método proposto pode ser uma solução eficaz para a identificação de ervas daninhas de soja em ambientes de campo complexos, o que pode ajudar a melhorar a eficiência da produção de soja
32;src_QFNK3886vYhbzfHVzDzee;PubMed;Improved weed segmentation model for UAV imagery of sorghum fields;;0;Inglês;Apresentar um modelo de segmentação de ervas daninhas para imagens de UAV de campos de sorgo;Modelo de segmentação combinado de desfocagem;Auxílio na gestão eficiente e específica de ervas daninhas;INDISPONÍVEL
33;src_jytHZhtpMB8RTLtWNhjuN;PubMed;Classificação de ervas daninhas em campos de milho natural com base em imagens de várias plantas usando aprendizado raso e profundo;;2022;Indisponível;Desenvolver um sistema de classificação de ervas daninhas em campos de milho usando técnicas de aprendizado de máquina;Utilização de técnicas de aprendizado raso e profundo para classificar imagens de várias plantas em campos de milho;Os resultados mostraram que o sistema de classificação desenvolvido foi capaz de identificar e classificar com precisão as ervas daninhas em campos de milho;O uso de técnicas de aprendizado de máquina pode ser uma solução eficaz para a classificação de ervas daninhas em campos de milho, o que pode ajudar a melhorar a eficiência da produção agrícola.
34;src_mZ2uS45aeU4E5c2yKHQik;PubMed;Uma nova abordagem para classificação de tipos de ervas daninhas usando descritores de forma e método de tomada de decisão difusa;;2014;Inglês;Desenvolver uma estratégia para distinguir entre gramíneas e ervas daninhas de folhas largas em imagens de campo externo usando descritores de forma e um método de tomada de decisão difusa.;"O método proposto consiste em quatro etapas: (1) segmentação da cobertura vegetal e definição de regiões; (2) rotulagem de regiões desconectadas; (3) extração dos sete momentos invariantes de Hu e seis descritores de forma geométrica para cada região; e (4) classificação de regiões monocotiledôneas e dicotiledôneas por meio de um método de tomada de decisão. Vários métodos de tomada de decisão são analisados neste artigo.";Os resultados mostram que a abordagem proposta é capaz de classificar com sucesso as ervas daninhas em imagens de campo externo, com uma taxa de precisão de 92,5% para gramíneas e 91,3% para ervas daninhas de folhas largas.;A abordagem proposta pode ser uma ferramenta útil para a identificação e classificação de ervas daninhas em imagens de campo externo, o que pode ajudar a melhorar a eficiência da aplicação de herbicidas e reduzir o impacto ambiental. No entanto, mais pesquisas são necessárias para avaliar a eficácia da abordagem em diferentes condições de campo e para expandir a classificação para outras espécies de plantas daninhas.
35;src_dIZW5uIHdrrJBmfSvXfgi;PubMed;A Semantic Labeling Approach for Accurate Weed Mapping of High Resolution UAV Imagery;;2018;Inglês;Demonstrar uma abordagem de rotulagem semântica para mapeamento preciso de ervas daninhas em imagens de alta resolução de UAV;Coleta de dados em um campo de arroz na China, aplicação de algoritmos de processamento de imagens e análise de resultados;Mapeamento preciso de ervas daninhas em imagens de alta resolução de UAV;A abordagem de rotulagem semântica pode ser uma solução eficaz para o mapeamento preciso de ervas daninhas em imagens de alta resolução de UAV, o que pode levar a um manejo mais eficiente e sustentável de ervas daninhas em culturas de arroz.
36;src_S4Q2444dxvAUlEPiHsEIz;PubMed;YOLOX-based blue laser weeding robot in corn field;Zhu H, Zhang Y, Mu D, Bai L, Zhuang H, Li H;2022;INDISPONÍVEL;Utilizar um robô de deservagem a laser azul baseado em YOLOX em campos de milho;Utilização de redes neurais convolucionais e um emissor de laser em um braço robótico para detectar e eliminar ervas daninhas de forma precisa;O laser azul conseguiu inibir efetivamente o crescimento de três tipos de ervas daninhas testadas, com eficiência de controle de peso seco superior a 90% em doses altas;A tecnologia apresentada demonstra um potencial significativo para o controle de ervas daninhas em campos de milho, oferecendo uma abordagem inovadora e eficaz
37;src_D2E8LcGNKNlUlHHqqkyxn;PubMed;Weed Detection in Agriculture Using Deep Learning: A Comprehensive Review;;2023;Inglês;Extrair o estado da arte, identificar pesquisas acadêmicas publicadas relacionadas ao uso de DL na detecção de ervas daninhas, entender o conteúdo desses artigos, classificar os resultados usando diferentes métodos de análise, identificar lacunas ou limitações por meio dessas classificações e propor diretrizes e direções para motivar e aprimorar a pesquisa atual.;Realização de uma revisão sistemática da literatura, com critérios de inclusão e exclusão específicos, busca em fontes digitais selecionadas e aplicação de classificação temática aos artigos selecionados.;Foram identificados 105 artigos relevantes, que foram classificados e analisados. Os resultados indicam que o uso de DL na detecção de ervas daninhas é uma área de pesquisa em crescimento, com várias abordagens e técnicas sendo exploradas.;Os autores concluem que há espaço para mais pesquisas nessa área, especialmente em relação à aplicação prática das técnicas de DL na detecção de ervas daninhas em ambientes agrícolas reais.
38;src_OMHqjp8XbzzXf1rzMLAha;IEEE Xplore;Saliency-Based Semantic Weeds Detection and Classification Using UAV Multispectral Imaging;;0;INDISPONÍVEL;Desenvolver uma abordagem para detectar e classificar ervas daninhas em campos agrícolas usando imagens multiespectrais de UAV.;A abordagem proposta é baseada em saliência visual e aprendizado profundo.;Os resultados mostram que a abordagem proposta supera outras abordagens existentes em termos de precisão de detecção e classificação de ervas daninhas.;A abordagem proposta pode ser uma solução eficaz para a detecção e classificação de ervas daninhas em campos agrícolas, o que pode ajudar a melhorar os rendimentos das colheitas e reduzir o uso de agroquímicos prejudiciais.
39;src_5iFbmkrXR2ZvwbeNQB53w;IEEE Xplore;Reconhecimento de Culturas em Tempo Real em Campos Transplantados com Crescimento de Ervas Daninhas: Uma Abordagem Baseada em Atenção Visual;INDISPONÍVEL;2019;INDISPONÍVEL;Este estudo propõe uma abordagem baseada em atenção visual para reconhecer plantas cultivadas em campos com crescimento de ervas daninhas, essencial para a agricultura de precisão.;Foram comparados diferentes designs leves e métodos de refinamento, treinando e testando modelos DSS com diferentes espinhas dorsais, níveis de redução de canais e métodos de refinamento.;Os modelos alcançaram altos escores de F-measure (aproximadamente 97%) e baixos escores de MAE (menos de 0,01), indicando uma correspondência precisa entre as previsões e os rótulos.;Os resultados mostram que a abordagem proposta é eficaz para o reconhecimento de culturas em campos transplantados com crescimento de ervas daninhas, com alta precisão e eficiência.
40;src_HZdXYCuzXZ5vJCv5tejJv;IEEE Xplore;Hybrid CNN Model for Classification of Rumex Obtusifolius in Grassland;;2022;Inglês;Desenvolver um modelo híbrido de CNN para classificação de Rumex Obtusifolius em pastagens;Utilização de duas bases de dados de imagens RGB de plantas de Rumex em pastagens, aplicação de métricas como acurácia, precisão, recall e F1-score para avaliação do modelo;Desenvolvimento de um modelo híbrido de CNN com alta acurácia na classificação de plantas de Rumex em pastagens, oferecendo uma solução mais eficiente e menos prejudicial ao meio ambiente do que os métodos de remoção manual ou química;O modelo proposto apresenta um grande potencial para ser aplicado em outras áreas de classificação de plantas daninhas em pastagens, oferecendo uma alternativa mais sustentável e econômica para a indústria agrícola
41;src_vWFNrt4Px9OtqetypxalX;IEEE Xplore;Estimativa de densidade e distribuição de plantas daninhas para agricultura de precisão usando aprendizado semi-supervisionado;;0;Português;Demonstrar o impacto negativo do crescimento descontrolado de plantas daninhas na produção agrícola e como a identificação de regiões infestadas pode ajudar no tratamento químico seletivo. Apresentar avanços na análise de imagens de fazendas que resultaram em soluções para identificar plantas daninhas usando métodos de aprendizado semi-supervisionado, que são mais economicamente viáveis para agricultores individuais.;INDISPONÍVEL;INDISPONÍVEL;INDISPONÍVEL
42;src_0LRZemyVVk4o8BnZhbg26;IEEE Xplore;MDFC–ResNet: Um Sistema IoT Agrícola para Reconhecimento Preciso de Doenças de Plantas;W.-J. Hu, et al.;2020;INDISPONÍVEL;O objetivo deste estudo foi desenvolver um sistema IoT para identificar doenças de plantas de forma precisa e em tempo real, combinando tecnologias de IoT e aprendizado profundo.;Os métodos utilizados incluíram a combinação de câmeras de vídeo, modelos de aprendizado profundo e dispositivos terminais inteligentes para coletar vídeos de plantações, analisar o estado de saúde das plantas e fornecer feedback aos agricultores.;Os resultados obtidos com o sistema MDFC-ResNet mostraram uma precisão significativa na identificação de diferentes classes de doenças de plantas, conforme apresentado na Tabela 6 do documento.;Concluiu-se que o sistema proposto é eficaz na identificação de doenças de plantas em tempo real, fornecendo informações valiosas aos agricultores para melhorar a produção agrícola.
43;src_nzJeGWBt86mHwBOKW8G0a;ScienseDirect;Weed and crop species classification using computer vision and deep learning technologies in greenhouse conditions;;2022;INDISPONÍVEL;Fornecer insights sobre o manejo de ervas daninhas específicas do local na Agricultura de Precisão;Extração de recursos de textura de imagens em escala de cinza usando LBP e GLCM, escrita de arquivo CSV com valores de recursos extraídos e rótulos de dados;O f1-score é uma métrica robusta em comparação com a métrica de precisão para a interpretação robusta dos resultados;INDISPONÍVEL
44;src_BwqIVyMhuEPG8RbDlKomo;ScienseDirect;Classificação de culturas e ervas daninhas usando abordagem de máquina de vetores de suporte;F. Ahmed, et al.;2012;INDISPONÍVEL;O objetivo do estudo foi avaliar o potencial de um sistema de visão computacional automatizado para reduzir o uso excessivo de herbicidas em campos agrícolas.;Foram extraídas catorze características de cada imagem e foram utilizadas técnicas de seleção de características para encontrar o melhor conjunto de características.;A classificação alcançou uma taxa de 96,9% com um conjunto de nove características selecionadas por eliminação retroativa.;Os resultados indicam que a abordagem de máquina de vetores de suporte pode ser eficaz na classificação de culturas e ervas daninhas, contribuindo para a redução do uso de herbicidas.
45;src_OwkJPSzjwFD5uALRmVFeM;ScienseDirect;Machine Learning and Handcrafted Image Processing Weed Classification Results Data;;2023;INDISPONÍVEL;Explorar o uso de métodos de aprendizado de máquina e processamento de imagem para classificar ervas daninhas comuns em campos de milho.;Desenvolvimento de dois métodos de processamento de imagem, extração de características de forma e desenvolvimento de plugin usando ImageJ. Os recursos extraídos foram usados para treinar e testar três modelos de aprendizado de máquina não paramétricos (kNN, RF e SVM).;Os métodos desenvolvidos foram capazes de classificar com sucesso as ervas daninhas com uma taxa de precisão de 90%. O uso desses métodos pode aumentar o rendimento das culturas e reduzir o uso de herbicidas prejudiciais.;O uso de métodos de aprendizado de máquina e processamento de imagem pode ser uma abordagem inovadora e eficaz para o manejo de ervas daninhas em campos de milho.
46;src_QYE1gEsMRCiqB27rGMnIL;ScienseDirect;Visual features based boosted classification of weeds for real-time selective herbicide sprayer systems;;0;Inglês;Desenvolver um sistema de classificação de plantas daninhas em tempo real para auxiliar na aplicação seletiva de herbicidas;Utilização de técnicas de aprendizado de máquina e visão computacional para extrair características visuais das plantas daninhas e classificá-las em tempo real;Desenvolvimento de um sistema de classificação de plantas daninhas com alta precisão e eficiência, capaz de auxiliar na aplicação seletiva de herbicidas;A tecnologia de classificação de plantas daninhas baseada em características visuais pode ajudar os agricultores a reduzir o uso de herbicidas e minimizar o impacto ambiental, ao mesmo tempo em que aumenta a eficiência da aplicação de herbicidas seletivos.
47;src_zGa2BI2pFMCHPV2Dr1C5f;ScienseDirect;Smart Agricultural Technology;;2023;Inglês;Identificar ervas daninhas em milho usando técnicas de aprendizado de máquina;Classificação e detecção de objetos usando redes neurais e máquinas de vetores de suporte;Redução significativa no uso de herbicidas e melhoria na produção de culturas;A interpretabilidade dos modelos de aprendizado de máquina é importante para entender os vieses embutidos na rede e identificar as características de entrada importantes e as condições que levaram à decisão de aprendizado de máquina.
48;src_KQqJnAqpg594Xmoh7qbNC;ScienseDirect;Weed detection using image processing under different illumination for site-specific areas spraying;;2016;INDISPONÍVEL;Desenvolver um método para detecção de ervas daninhas em áreas específicas usando processamento de imagem;Utilização de diferentes espaços de cores, linha central de fileiras de culturas, taxa de infestação de ervas daninhas e decisão bayesiana;Redução do uso de herbicidas e da poluição ambiental;O método proposto é eficaz na detecção de ervas daninhas em áreas específicas e pode ser uma alternativa sustentável para a pulverização de herbicidas em larga escala.
49;src_cx8LOBVFKjZ0BSwqsmKbS;ScienseDirect;Deep learning techniques for weed detection from images;;2021;Inglês;Apresentar as últimas técnicas de aprendizado de máquina e agricultura digital para detecção e gerenciamento eficiente de ervas daninhas;Comparação de velocidade e precisão de diferentes arranjos de modelos de detecção de ervas daninhas em imagens;Uso eficiente de micro veículos aéreos para detecção de ervas daninhas em plantações de soja;O uso de técnicas de aprendizado de máquina pode ajudar os agricultores a detectar e gerenciar ervas daninhas de forma mais eficiente
50;src_Vtw5FBTndotLb2N7Bqyqs;ScienseDirect;Weed and crop species classification using computer vision and deep learning technologies in greenhouse conditions;;2022;INDISPONÍVEL;Fornecer insights sobre o manejo de ervas daninhas específicas do local na Agricultura de Precisão;Extração de recursos de textura de imagens em escala de cinza usando LBP e GLCM, escrita de arquivo CSV com valores de recursos extraídos e rótulos de dados;O f1-score é uma métrica robusta em comparação com a métrica de precisão para interpretar os resultados;INDISPONÍVEL
51;src_NtR0DRS181gQz4T7A6zbF;ScienseDirect;Deep Learning for Image-Based Weed Detection in Turfgrass;;2019;Inglês;Desenvolver um sistema de detecção de ervas daninhas em grama usando redes neurais convolucionais profundas;Foram utilizados modelos de redes neurais convolucionais profundas para treinar e testar o sistema de detecção de ervas daninhas em imagens de grama;O sistema de detecção de ervas daninhas apresentou alta precisão na detecção de ervas daninhas em grama, o que pode ajudar a reduzir o uso de herbicidas;O uso de redes neurais convolucionais profundas pode ser uma ferramenta eficaz para a detecção de ervas daninhas em grama e pode ajudar a reduzir o uso de herbicidas
52;src_aOW3jVXoEtcNh87BRMZl6;ScienseDirect;Implementação de inteligência artificial na agricultura;;0;Português;O objetivo do texto é apresentar a implementação de inteligência artificial na agricultura e como essa tecnologia tem revolucionado a forma como abordamos a agricultura, otimizando a irrigação e a aplicação de pesticidas/herbicidas para proteger as colheitas e aumentar os rendimentos.;INDISPONÍVEL;INDISPONÍVEL;INDISPONÍVEL
53;src_46JWK6LCSSQ2a8jnXecmq;ScienseDirect;Reconhecimento de ervas daninhas em culturas de milho usando redes neurais convolucionais;;0;Português;Explorar o uso de redes neurais artificiais profundas para classificar ervas daninhas em culturas de milho;Usar várias arquiteturas de redes neurais convolucionais para extrair recursos de imagens e comparar os resultados de precisão;A arquitetura InceptionV3 obteve a maior precisão, com 98%, demonstrando a capacidade das tecnologias usadas neste trabalho de se tornarem realistas para aplicações em culturas;As redes neurais convolucionais podem ser uma ferramenta útil para ajudar os agricultores a aumentar a produtividade de suas culturas, por meio da identificação e classificação de ervas daninhas em culturas de milho.
54;src_LpV4PO5F03wQXTsDDv3KY;ScienseDirect;Deep Convolutional Neural Network Models for Weed Detection in Polyhouse Grown Bell Peppers;;0;Inglês;Avaliar a viabilidade do uso de técnicas de aprendizado profundo para identificação de ervas daninhas em cultivo de pimentões em estufa.;Utilização de técnicas de aprendizado profundo para treinar modelos de detecção de ervas daninhas em imagens de cultivo de pimentões em estufa.;Obtenção de modelos com alta precisão e acurácia na detecção de ervas daninhas em imagens de cultivo de pimentões em estufa.;O uso de técnicas de aprendizado profundo pode ser uma solução viável para a detecção de ervas daninhas em cultivos em estufa, permitindo uma maior eficiência na identificação e remoção dessas plantas invasoras.
55;src_r0bfdBjpi5ZTF0Q6VeY5s;ScienseDirect;Detecção de ervas daninhas em campos de canola usando classificação de máxima verossimilhança e rede neural convolucional profunda;;0;INDISPONÍVEL;Desenvolver uma metodologia para acelerar a rotulagem manual de pixels usando um procedimento de duas etapas para estimar com precisão a densidade de ervas daninhas usando técnicas avançadas de visão computacional, como aprendizado profundo.;Classificação de máxima verossimilhança e rede neural convolucional profunda.;INDISPONÍVEL;INDISPONÍVEL
56;src_JCYtWMR6UaxfnWHWloiHR;ScienseDirect;Segmentation of row crop plants from weeds using colour and morphology;;2003;Inglês;Desenvolver um algoritmo para segmentação de plantas de cultivo de plantas daninhas usando cor e morfologia;O algoritmo foi avaliado em 12 imagens de plantas de couve-flor, representando uma variedade de estágios de crescimento de plantas e ervas daninhas;Os valores médios dos componentes de solo e vegetação nas 12 imagens variaram mais entre os grupos do que dentro dos grupos;O algoritmo desenvolvido combina cor com conhecimento sobre a grade de plantio para aumentar o potencial de classificação da cor sozinha
57;src_mFTt4nIfzsX2QPj7lza28;ScienseDirect;Weed recognition using image blur information;;2011;INDISPONÍVEL;Propor um esquema robusto para reconhecer ervas daninhas em imagens de baixa qualidade com desfoque de movimento e desfoque de foco.;Usando segmentação de matte de imagem e recursos invariantes de desfoque baseados em momentos.;Melhora a precisão de reconhecimento de ervas daninhas capturadas por câmera.;INDISPONÍVEL
58;src_qV9K2avKdiNDDipl2mMP8;ScienseDirect;Graph weeds net: A graph-based deep learning method for weed recognition;;2020;Inglês;Apresentar uma abordagem inovadora para classificar com precisão espécies de plantas daninhas para direcionamento seletivo em situações de cultivo, mesmo em pastagens complexas.;O Graph Weeds Net usa representações de gráficos em várias escalas para coletar padrões regionais e reconhecer vários tipos de plantas daninhas a partir de imagens RGB convencionais.;Não disponível;Não disponível
59;src_Nl9hZGxl2O7cjUkXrdm1D;ScienseDirect;Development of a herbicide application map using artificial neural networks and fuzzy logic;;2003;Inglês;Desenvolver um sistema de pulverização de herbicidas de precisão em um campo de milho;Integrar tecnologias de processamento de imagem, redes neurais artificiais e lógica fuzzy para desenvolver mapas de aplicação de herbicidas;Desenvolvimento de um sistema que permite a localização automatizada de ervas daninhas para o controle da pulverização de herbicidas de precisão em milho;O uso de tecnologias de processamento de imagem, redes neurais artificiais e lógica fuzzy pode melhorar a gestão de ervas daninhas, reduzir os custos de cultivo e minimizar a poluição agroquímica
60;src_Pcrpw1tA3ENakknu14ABY;ScienseDirect;Non-destructive evaluation of photostability of crop signaling compounds and dose effects on celery vigor for precision plant identification using computer vision;Su, W.-H., Bakalis, S., Sun, D.-W.;2019;INDISPONÍVEL;Este estudo visa explorar a utilização de compostos fluorescentes para permitir que máquinas inteligentes diferenciem com precisão entre culturas vegetais e ervas daninhas.;Foram utilizados compostos fluorescentes para identificar e diferenciar entre culturas vegetais e ervas daninhas, com análise de imagens de alta resolução e software de código aberto para extrair valores de intensidade.;Os resultados mostraram que a fluorescência dos compostos pode ser uma ferramenta eficaz para a identificação precisa de culturas vegetais, contribuindo para a agricultura de precisão.;Conclui-se que a utilização de compostos fluorescentes em conjunto com técnicas de visão computacional pode revolucionar a identificação de plantas no campo, melhorando a eficiência e precisão do processo.
61;src_sehOU0i0LrAkmDaWFWF3q;ScienseDirect;Maize Seedling Detection Using an Improved Faster R-CNN Model;;2018;INDISPONÍVEL;Apresentar um modelo de detecção de plântulas de milho usando uma versão melhorada do Faster R-CNN;Utilização de técnicas de visão computacional e deep learning para treinar o modelo em diferentes estágios de crescimento do milho;Detecção rápida e precisa de plântulas de milho em diferentes ambientes de campo;O modelo apresentado pode ser aplicado na produção agrícola em combinação com orientação automática e intertilhamento inteligente
62;src_sOK1QTTsKjQMiJpXF2rWz;ScienseDirect;Classificação de ervas daninhas por modelos de forma ativa;;0;INDISPONÍVEL;Desenvolver um novo método para identificar espécies de ervas daninhas por meio de processamento de imagens;Utilização de um banco de dados com 19 das espécies de ervas daninhas mais importantes em campos agrícolas dinamarqueses, com resolução de 10 pixels/mm, utilizando uma câmera digital Canon Powershot G1 montada em um cilindro transparente para garantir iluminação difusa e altura fixa da câmera em relação ao solo;Taxa de identificação correta de plântulas de ervas daninhas variando de 65% a mais de 90%, dependendo da espécie;O método apresentado é uma abordagem promissora para a identificação de espécies de ervas daninhas em campos agrícolas
63;src_DxODwHp4nuhdBijk2VivH;ScienseDirect;Detecção de ervas daninhas usando visão computacional terrestre e técnicas de processamento de imagem;;0;INDISPONÍVEL;Apresentar os avanços mais recentes no uso de tecnologia para detectar ervas daninhas no campo, a fim de melhorar o rendimento das culturas e o manejo de ervas daninhas específicas do local.;O texto revisa artigos científicos que utilizam técnicas de visão computacional e processamento de imagem para detectar ervas daninhas no campo.;Os resultados mostram que a detecção de ervas daninhas usando tecnologia de visão computacional e processamento de imagem é uma área em constante evolução, com muitos avanços recentes que podem ajudar a melhorar a eficiência do manejo de ervas daninhas.;A conclusão é que a detecção de ervas daninhas usando tecnologia de visão computacional e processamento de imagem é uma área promissora que pode ajudar a melhorar a eficiência do manejo de ervas daninhas e aumentar o rendimento das culturas.
64;src_1rj9BMhr4Atbbh8HNKALL;ScienseDirect;Classificação sequencial de máquinas de vetores de suporte para espécies de plantas daninhas de grãos pequenos;T. Rumpf, INDISPONÍVEL;2012;INDISPONÍVEL;O estudo visa classificar diferentes espécies de plantas daninhas e culturas usando características de forma e algoritmos de processamento de imagem.;Os métodos incluem a captura de imagens de diferentes comprimentos de onda, extração de plantas com algoritmos de processamento de imagem e classificação com base em características de forma.;Os resultados mostram que as diferenças nas características de forma entre culturas e plantas daninhas são significativas, mas as plantas daninhas individuais são difíceis de identificar devido à semelhança.;Conclui-se que são necessárias características e classificadores específicos para resolver o problema de identificação de plantas daninhas específicas, especialmente durante estágios iniciais de crescimento.
65;src_AoQDswe0hn3jLItoNis8f;ScienseDirect;Reconhecimento de ervas daninhas em campos de trigo usando uma abordagem de classificação de representação esparsa;;0;INDISPONÍVEL;Identificar espécies de ervas daninhas em estágio de plântula de trigo;Combinação de Grabcut modificado, clusterização K-means e classificação de representação esparsa;INDISPONÍVEL;INDISPONÍVEL
66;src_1IAzwU6GHHbquBLfucqhq;ScienseDirect;A modified U-Net with a specific data argumentation method for semantic segmentation of weed images in the field;;2021;Inglês;Desenvolver um algoritmo de segmentação semântica de imagens de plantas daninhas no campo para melhorar a precisão da capina e reduzir a poluição por herbicidas.;Utilização de um sistema de imagem baseado em veículo lagarta com uma câmera RGB e um sensor POS para obter imagens de plantas daninhas no campo. Foram utilizadas técnicas de argumentação de dados para melhorar a adaptabilidade do algoritmo. Foram fornecidas 800 imagens, das quais 100 continham apenas plantas daninhas e solo, 100 continham outras plantas, e 600 continham plantas daninhas e outras plantas. As imagens foram divididas em conjuntos de treinamento e teste para treinar o algoritmo de segmentação semântica.;O algoritmo de segmentação semântica desenvolvido alcançou uma precisão média de 0,92 e uma taxa de erro média de 0,08. Isso indica que o algoritmo é capaz de identificar com precisão as plantas daninhas no campo.;O algoritmo de segmentação semântica desenvolvido neste estudo pode ser usado para melhorar a precisão da capina e reduzir a poluição por herbicidas. Além disso, o sistema de imagem baseado em veículo lagarta pode ser uma ferramenta útil para a obtenção de imagens de plantas daninhas no campo.
67;src_d8KRv6cdlIZA2FwDBhAts;ScienseDirect;Detecção de borda para reconhecimento de ervas daninhas em gramados;;2020;Indisponível;Identificar plantas invasoras em gramados ornamentais e campos esportivos usando técnicas de processamento de imagem;Detecção de borda para identificar as plantas invasoras em imagens de gramados e campos esportivos;Redução da quantidade de pesticidas necessários para o controle de ervas daninhas;A detecção precoce de ervas daninhas é benéfica para a saúde humana e o meio ambiente
68;src_aV8Nbb6MXJGJSPyOjCAyq;ScienseDirect;Detecção de plantas daninhas em lavouras de soja utilizando redes neurais convolucionais;;2018;Português;Identificar e classificar plantas daninhas em lavouras de soja usando técnicas avançadas de visão computacional;Redes neurais convolucionais, segmentação de imagens, extração de características, classificação de imagens;A precisão da detecção de plantas daninhas foi de 95%, o que indica que a abordagem proposta é eficaz na identificação de plantas daninhas em lavouras de soja;A detecção de plantas daninhas em lavouras de soja usando redes neurais convolucionais é uma abordagem promissora para melhorar a produtividade das lavouras e reduzir o uso de herbicidas
69;src_pZWwpnWZh1vQuIbpzo30f;ScienseDirect;Detecção de ervas daninhas em campos de arroz usando uma rede RetinaNet aprimorada;Hongxing Peng, et al.;2022;INDISPONÍVEL;O estudo visa utilizar deep learning e detecção de objetos para combater os efeitos negativos das ervas daninhas na produção e qualidade do arroz.;Os autores implementaram códigos em Pytorch, treinaram modelos com SGD, ajustaram hiperparâmetros e utilizaram uma rede RetinaNet modificada.;Os resultados mostram que a rede aprimorada alcançou um equilíbrio entre velocidade e precisão na detecção de ervas daninhas em comparação com módulos gerais.;Conclui-se que a combinação de perdas GIoU e Smooth L1 acelerou a convergência do modelo, resultando em uma mAP mais alta do que outras abordagens.
70;;ScienseDirect;;;0;;;;;
71;src_274DeLvt1wL6J8BPAyq6W;ScienseDirect;Real-time classification of weeds in organic carrot production using deep learning algorithms;;0;INDISPONÍVEL;Desenvolver uma solução de classificação automática de plantas daninhas em produção orgânica de cenouras usando algoritmos de aprendizado profundo;Utilização de redes neurais artificiais para processamento de imagens e técnicas de pré-processamento para extrair as plantas do fundo das imagens;Desenvolvimento de um fluxo de cálculo em tempo real para as redes neurais, permitindo a classificação automática de plantas daninhas com alta precisão;A classificação automática de plantas daninhas é uma solução promissora para melhorar a eficiência e reduzir os custos da produção orgânica de cenouras
72;src_IFzTXbCxgL3HZDNkV6PGK;ScienseDirect;Potential for Automatic Weed Detection and Selective Herbicide Application;;1992;Inglês;Demonstrar a viabilidade da detecção automática de ervas daninhas e aplicação seletiva de herbicidas;Revisão bibliográfica e observações preliminares de plantas no campo;Erros no sistema de controle do pulverizador devem ser considerados na performance geral do sistema. A luz natural pode ser uma fonte significativa de erro na detecção de ervas daninhas. Observações preliminares mostraram que ângulos baixos de luz solar causam reflexão especular nas folhas horizontais de plantas daninhas pequenas.;A detecção automática de ervas daninhas e aplicação seletiva de herbicidas é viável, mas erros no sistema e fontes de erro externas devem ser considerados.
73;src_kaKt7hvIVyq7jl6DMCjkw;ScienseDirect;An automated weed identification framework for sugarcane crop: A deep learning approach;;2023;Inglês;Desenvolver um framework de identificação automática de ervas daninhas em plantações de cana-de-açúcar utilizando deep learning.;Utilização de técnicas de deep learning para treinamento de um modelo capaz de identificar automaticamente as ervas daninhas presentes em plantações de cana-de-açúcar.;O framework desenvolvido apresentou alta precisão na identificação de ervas daninhas em plantações de cana-de-açúcar, contribuindo para a maximização da eficiência de herbicidas e aumento da produtividade.;A utilização de deep learning para identificação automática de ervas daninhas em plantações de cana-de-açúcar é uma abordagem promissora para aprimorar a eficiência da produção agrícola.
74;src_ClbtFPgYOA3kwWF4qWJZ7;ScienseDirect;Aplicação de Taxas Variáveis de Herbicida com Base em Sensores para Controle de Ervas Daninhas;K.-H. Dammer, G. Wartenberg;2007;Alemão;O estudo buscou avaliar a eficácia da aplicação em tempo real de taxas variáveis de herbicida usando sensores para controle de ervas daninhas.;Foram realizados experimentos de campo em locais com diferentes tipos de solo, monitorando valores de sensores, posição por GPS diferencial e taxa de fluxo.;Os resultados mostraram economia significativa de herbicida sem redução de rendimento, com seis experimentos demonstrando a influência da aplicação controlada por sensores nas taxas de herbicida.;A aplicação de taxas variáveis de herbicida com base em sensores é uma abordagem eficaz para o controle de ervas daninhas, resultando em economia de herbicida sem comprometer a produção agrícola.
75;src_cnnOQw6kK52rbw1HnvX5r;ScienseDirect;Early Weed Identification Based on Deep Learning: A Comprehensive Review of Emerging Technologies in Smart Agriculture;;2022;Inglês;Explorar as tecnologias emergentes na detecção de ervas daninhas e sua aplicação na agricultura inteligente;Revisão abrangente;As tecnologias emergentes em detecção de ervas daninhas, como transfer learning, neural architecture search, domain adaptation, knowledge distillation e generative adjunctive neural network, foram efetivamente resumidas e explicadas. Casos específicos de novas tecnologias para resolver os desafios no campo da identificação precoce de ervas daninhas foram propostos. Os desafios técnicos e possíveis direções futuras para as tecnologias emergentes foram discutidos e propostos.;A colaboração entre múltiplas tecnologias emergentes deve ser mais eficiente do que melhorar uma única tecnologia no curto prazo. Esta revisão pode ajudar a comunidade de pesquisa a usar tecnologias emergentes para enfrentar os problemas e desafios atuais no campo da identificação precoce de ervas daninhas.
76;src_mt9Voq1dOqsqWOkbNWGcv;ScienseDirect;Crop/weed discrimination in agronomic images;;0;Inglês;Apresentar um método geral para estimar as taxas de infestação de ervas daninhas em imagens de vista ampla, útil para pulverização de precisão em tempo real.;O método envolve a segmentação de imagens em regiões de culturas e ervas daninhas, extração de características e classificação de regiões usando um classificador SVM.;Os resultados mostraram que o método proposto é capaz de discriminar com sucesso entre culturas e ervas daninhas em imagens de vista ampla, com uma taxa de precisão média de 92,3%.;O método proposto pode ser usado para melhorar a eficiência da pulverização de herbicidas, reduzindo o uso desnecessário de produtos químicos e minimizando o impacto ambiental.
77;src_d8swUW5qin8VAp6DtsONj;ScienseDirect;AgroAVNET for crops and weeds classification: A step forward in automatic farming;Trupti R Chavan, A.V. Nandedkar;2018;INDISPONÍVEL;O objetivo principal do estudo é classificar diferentes espécies de plantas (culturas e ervas daninhas) utilizando métodos existentes e o método proposto, AgroAVNET.;O estudo utiliza AgroAVNET, um modelo híbrido de AlexNet e VGGNET, para classificar espécies de plantas. Também inclui aprendizado incremental para melhorar a precisão da classificação.;Os resultados experimentais mostram altas taxas de precisão na classificação de espécies de plantas, com médias de validação e teste acima de 90%. O desempenho é comparado com abordagens existentes, mostrando melhorias significativas.;A conclusão do estudo destaca a eficácia do AgroAVNET na classificação de culturas e ervas daninhas, demonstrando ser um avanço significativo na agricultura automatizada.
78;src_j9CVPl4VlTfYeXi4Jr1ob;ScienseDirect;Performance of deep learning models for classifying and detecting common weeds in corn and soybean production systems;Aanis Ahmad, Dharmendra Saraswat, Varun Aggarwal, Aaron Etienne, Benjamin Hancock;2021;INDISPONÍVEL;Avaliar a eficácia de técnicas de aprendizado profundo na discriminação entre ervas daninhas e culturas, utilizando um conjunto de dados de imagens anotadas de ervas daninhas de início de temporada em milho e soja.;Treinamento de modelos de classificação de imagem e detecção de objetos em um conjunto de dados de 462 imagens de quatro ervas daninhas comuns em milho e soja, utilizando os frameworks Keras e PyTorch.;Os modelos treinados no framework PyTorch apresentaram melhor desempenho em termos de precisão de teste, pontuação F1 e tempo de treinamento em comparação com o Keras.;Os resultados indicam que os modelos de aprendizado profundo são eficazes na identificação e detecção de ervas daninhas, com o PyTorch superando o Keras em termos de desempenho.
79;src_eGPLWAE7gNRvzMvJbgjyr;ScienseDirect;Weed image classification using Gabor wavelet and gradient field distribution;;2009;Inglês;Desenvolver uma técnica para extrair propriedades de textura direcional de imagens de ervas daninhas para classificar diferentes tipos de ervas daninhas.;Utilização de Gabor wavelet e distribuição de campo de gradiente para extrair propriedades de textura direcional de imagens de ervas daninhas.;A técnica proposta apresentou uma taxa de classificação de 92,5% para imagens de ervas daninhas, o que demonstra sua eficácia na classificação de diferentes tipos de ervas daninhas.;A técnica proposta pode ser utilizada como uma ferramenta eficaz para a classificação de diferentes tipos de ervas daninhas, o que pode ajudar na identificação e tratamento de ervas daninhas em plantações.
80;src_rjvbPAvm7nOL0zgKDtxAN;ScienseDirect;Optimising the parameters influencing performance and weed (goldenrod) identification accuracy of colour co-occurrence matrices;;2018;INDISPONÍVEL;Use of a CCMs-based algorithm for spot-application of herbicide on goldenrod within wild blueberry fields;Image acquisition hardware with four USB 2.0 colour cameras, statistical analysis using a completely randomised design and one-way ANOVA;Significantly different time measurement means were determined by performing the Tukey's honestly significant difference (HSD) test;The proposed algorithm can accurately identify goldenrod and can be used for spot-application of herbicide
81;src_prrZpjromO3236HH7Vbpl;ScienseDirect;Weed Detection in Soybean Crops using Custom Lightweight Deep Learning Models;;2020;Inglês;Desenvolver um sistema de detecção de ervas daninhas baseado em visão usando modelos de aprendizado profundo que detectam efetivamente ervas daninhas em uma plantação de soja.;Implementação de redes neurais profundas (MobileNet, ResNet50) para detecção de ervas daninhas. Construção de três camadas de convolução personalizadas de 4, 5 e 8 camadas para detectar efetivamente ervas daninhas em soja. Implantação do MobileNetv2, ResNet50 e CNN de 5 camadas em um Raspberry Pi. Fornecimento de análises comparativas dos modelos propostos.;Os modelos propostos apresentaram alta precisão e baixa latência na detecção de ervas daninhas em plantações de soja. A implementação em um Raspberry Pi mostrou-se eficiente e viável para uso em campo.;Os modelos propostos são eficazes na detecção de ervas daninhas em plantações de soja e podem ser implementados em um dispositivo de borda como o Raspberry Pi para uso em campo. O uso de redes neurais profundas e técnicas de visão computacional pode ajudar a melhorar a eficiência e a precisão da detecção de ervas daninhas em plantações de soja.
82;src_nAOZlWj1WOt7NJuLiTfNq;ScienseDirect;Reconhecimento de ervas daninhas e culturas em agricultura inteligente;Bakhshipour, Jafari, Zhang, Song;0;INDISPONÍVEL;Reconhecer com precisão ervas daninhas e culturas utilizando algoritmos de visão computacional;Abordagens baseadas em características como cor, textura e forma;Matrizes de confusão com verdadeiros positivos, verdadeiros negativos, falsos positivos e falsos negativos;Discussão das especificações da aplicação e áreas futuras de pesquisa
83;src_gZ5mqRSBXJJXU7MRzTGHN;ScienseDirect;Comparison of vision-based and manual weed mapping in sugar beet;;2007;Inglês;Desenvolver e comparar métodos semi-automáticos e automáticos de mapeamento de ervas daninhas baseados em processamento de imagens.;Foram utilizados dados de contagem para estimar os parâmetros de validação e foram calculados índices de validação e predição para os algoritmos desenvolvidos.;Os métodos automáticos e semi-automáticos apresentaram alta sensibilidade e especificidade, com valores de predição positiva e negativa satisfatórios.;Os métodos de mapeamento de ervas daninhas baseados em processamento de imagens podem ser uma alternativa viável e eficaz para reduzir custos com herbicidas e poluição ambiental.
84;src_05YsFnnrxOHLwoWSgYtz6;ScienseDirect;Weed and crop species classification using computer vision and deep learning technologies in greenhouse conditions;;2022;INDISPONÍVEL;Fornecer insights sobre o manejo de ervas daninhas específicas do local na Agricultura de Precisão;Extração de recursos de textura de imagens em escala de cinza usando LBP e GLCM, escrita de arquivo CSV com valores de recursos extraídos e rótulos de dados;O f1-score é uma métrica robusta em comparação com a métrica de precisão para a interpretação robusta dos resultados;INDISPONÍVEL
85;src_YI2ZtSbdeHQq70EhnO9ow;ScienseDirect;Smart Agricultural Technology 3 (2023) 100128;;2023;INDISPONÍVEL;Explorar o efeito de treinamentos de épocas variáveis de uma Rede Neural Convolucional baseada em Regiões Rápidas na precisão de um esquema de classificação automática de ervas daninhas.;Foram utilizados pontos de controle terrestres (GCP) para o processamento das fotos, além de um receptor GNSS de dupla frequência para a localização precisa em tempo real. Foram tiradas 254 fotos com sobreposição lateral de 75%, sobreposição frontal de 75% e resolução espacial de 0,5 m. As imagens foram pré-processadas com operações de redimensionamento.;Os resultados mostraram que o aumento do número de épocas de treinamento melhorou a precisão do esquema de classificação automática de ervas daninhas.;O estudo concluiu que o aumento do número de épocas de treinamento pode melhorar significativamente a precisão do esquema de classificação automática de ervas daninhas, o que pode ter implicações importantes para a agricultura de precisão.
86;src_7Y8lfhVTzT8qswqIsWISP;ScienseDirect;Deep learning-based early weed segmentation using motion blurred UAV images of sorghum fields;;2021;Inglês;Desenvolver um método de segmentação de ervas daninhas em imagens de drones de campos de sorgo usando aprendizado profundo;Foram utilizadas imagens de drones de campos de sorgo com ervas daninhas e sem ervas daninhas, que foram pré-processadas e segmentadas usando uma rede neural convolucional. Foram realizados testes de validação cruzada e análise de sensibilidade para avaliar a eficácia do método.;O método proposto obteve uma precisão média de 96,5% na segmentação de ervas daninhas em imagens de drones de campos de sorgo, mostrando sua eficácia na detecção precoce de ervas daninhas.;O método proposto pode ser útil para a detecção precoce de ervas daninhas em campos de sorgo, permitindo que os agricultores tomem medidas preventivas para evitar perdas de colheita e reduzam o uso de herbicidas.
87;src_WYAyyhLBxqObsPB1KhBus;ScienseDirect;Development and field evaluation of a machine vision based in-season weed detection system for wild blueberry;;2017;Inglês;Desenvolver e avaliar um sistema de detecção de ervas daninhas baseado em visão computacional para mirtilos selvagens;Matrizes de co-ocorrência de cores, classificadores estatísticos e análise textural;O sistema de detecção de ervas daninhas baseado em visão computacional foi capaz de detectar com precisão as ervas daninhas em um campo de mirtilos selvagens;O sistema de detecção de ervas daninhas baseado em visão computacional pode ser uma alternativa eficaz e econômica para o controle de ervas daninhas em culturas de mirtilos selvagens
88;src_YyTf8KrZM9iEe95jUsLaE;ScienseDirect;Research patterns and trends in classification of biotic and abiotic stress in plant leaf;;0;Inglês;Explorar técnicas para identificar e classificar doenças em plantas com base em imagens de folhas;Revisão de literatura sobre diferentes técnicas automatizadas, ferramentas e métodos utilizados para detectar e categorizar doenças em plantas com base em imagens de folhas;Foram apresentados diversos métodos e técnicas automatizadas para detecção e classificação de doenças em plantas com base em imagens de folhas, com seus respectivos prós e contras;Os autores concluem que é necessário desenvolver soluções mais eficazes e eficientes para reconhecer doenças em plantas, e sugerem que futuras pesquisas considerem doenças não parasitárias e apliquem os algoritmos existentes em conjuntos de dados comuns.
89;src_j3fWGn6WqlYbFaSNowT0X;repositorio.ufms.br;Redes Neurais Convolucionais na Detecção de Plantas Daninhas em Lavoura de Soja;;2019;Português;Apresentar a importância das redes neurais na detecção de plantas daninhas em lavouras de soja;Utilização de redes neurais convolucionais para detecção de plantas daninhas em lavouras de soja;Apresentação dos resultados obtidos com a utilização de redes neurais convolucionais na detecção de plantas daninhas em lavouras de soja;Conclusões sobre a eficácia da utilização de redes neurais convolucionais na detecção de plantas daninhas em lavouras de soja
90;src_nV2u3XQ5GEDo6YcQBrKjQ;ACMDL;Desenvolvimento de um modelo de detecção de ervas daninhas para o Cardo da Califórnia;;0;INDISPONÍVEL;Identificar ervas daninhas em um ambiente de pastagem;Utilização de um método de criação de imagens automáticas para criar imagens individuais em nosso conjunto de dados de treinamento. Extração de um número limitado de objetos de primeiro plano de imagens reais com uma ferramenta de software de edição de fotos como o Gimp. Aplicação de transferência aleatória e orientações a cada objeto de primeiro plano e colocação em um fundo aleatório. Gravação das coordenadas da caixa delimitadora e das máscaras precisas para cada objeto nos arquivos de anotação.;Desenvolvimento de um modelo de detecção de ervas daninhas para o Cardo da Califórnia;O modelo desenvolvido é uma grande contribuição para a identificação de ervas daninhas em um ambiente de pastagem, que é um dos ambientes mais complicados para qualquer modelo de detecção de objetos.
91;src_bhbHUY0TmTv0EJeh8pqzS;ACMDL;Weed Classification Based on Haar Wavelet Transform via k-Nearest Neighbor (k-NN) for Real-Time Automatic Sprayer Control System;INDISPONÍVEL;0;INDISPONÍVEL;Develop an accurate and efficient algorithm for classifying broad and narrow weed leaves, compare accuracy with existing algorithms;Haar Wavelet Transform (HWT) for weed leaf discrimination, comparison with other algorithms;Accuracy of 94%, Efficiency of 40 ms;Improved efficiency and accuracy in weed classification, future work needed for environmental adaptive weeds recognition
